trans-eff,die-off,shedding,infectivity,A(contact)
1.0,0.018315638888734186,2.718281828459045,0.36787944117144233,735.7588823428847
